x,y,h3_address,neighbours,neighbours_centroids,caslt_cnt,dth_dnv_cnt,se_dnv_cnt,sl_dnv_cnt,wnd_dnv_cnt,caslt_cnt_1,dth_dnv_cnt_1,se_dnv_cnt_1,sl_dnv_cnt_1,wnd_dnv_cnt_1,caslt_cnt_2,dth_dnv_cnt_2,se_dnv_cnt_2,sl_dnv_cnt_2,wnd_dnv_cnt_2,caslt_cnt_3,dth_dnv_cnt_3,se_dnv_cnt_3,sl_dnv_cnt_3,wnd_dnv_cnt_3,caslt_cnt_4,dth_dnv_cnt_4,se_dnv_cnt_4,sl_dnv_cnt_4,wnd_dnv_cnt_4,caslt_cnt_5,dth_dnv_cnt_5,se_dnv_cnt_5,sl_dnv_cnt_5,wnd_dnv_cnt_5,caslt_cnt_6,dth_dnv_cnt_6,se_dnv_cnt_6,sl_dnv_cnt_6,wnd_dnv_cnt_6,bus_station_cnt,traffic_cnt,pleasure_cnt,seoul_police_cnt,park_cnt,crossroad_cnt,도로10이하_cnt,도로10_20_cnt,도로20_30_cnt,도로30이상_cnt,child_cnt,silver_cnt,crosswalk_cnt,prediction
126.9876277952,37.5705313655,8930e1d8c23ffff,"['8930e1d8c23ffff', '8930e1d8c37ffff', '8930e1d8c2bffff', '8930e1d8c2fffff', '8930e1d8c33ffff', '8930e1d8c27ffff', '8930e1d8c3bffff']","[(37.56963623082069, 126.98707217591237), (37.57246003200137, 126.98730490460785), (37.56681246831171, 126.9868394680874), (37.56790174738499, 126.98954978972945), (37.57137059343235, 126.98459454533723), (37.570725587891545, 126.98978262874023), (37.56854687025024, 126.98436194782016)]",9,0,3,6,0,21,0,14,6,1,0,0,0,0,0,0,0,0,0,0,0,0,0,0,0,49,2,24,20,3,0,0,0,0,0,7,41,56,1,1,3,4,0,0,0,0,2,23,1.0
126.9255864378,37.4874853249,8930e1d9223ffff,"['8930e1d923bffff', '8930e1d922bffff', '8930e1d9227ffff', '8930e1d9223ffff', '8930e1d922fffff', '8930e1d9233ffff', '8930e1d9237ffff']","[(37.48641472517564, 126.92267700236116), (37.484681208545496, 126.92515024617488), (37.48859030140395, 126.92808276476161), (37.487502514844195, 126.9253797715682), (37.48576891690552, 126.92785310886201), (37.48923599231011, 126.92290641780548), (37.490323860179366, 126.92560931751142)]",0,0,0,0,0,6,0,2,4,0,9,1,4,4,0,0,0,0,0,0,0,0,0,0,0,0,0,0,0,0,0,0,0,0,0,0,0,116,0,0,0,10,0,0,0,2,0,0,0.699520699186006
127.0370464171,37.5811629356,8930e1c14b7ffff,"['8930e1c14b7ffff', '8930e1c14a7ffff', '8930e1c14b3ffff', '8930e1c337bffff', '8930e1c334fffff', '8930e1c336bffff', '8930e1c14a3ffff']","[(37.581857786654226, 127.0379036795012), (37.580121635374745, 127.04038273867718), (37.58076872858184, 127.03518957332288), (37.58468295298695, 127.03813884105374), (37.583593817004534, 127.03542460335606), (37.582946840988605, 127.04061801065568), (37.57903265894939, 127.0376685390494)]",10,0,8,2,0,77,0,45,30,2,0,0,0,0,0,0,0,0,0,0,0,0,0,0,0,10,0,9,1,0,60,3,40,15,2,4,31,2,0,0,4,8,0,0,0,5,1,22,0.6095952383846803
127.0231093501,37.6365900295,8930e1c267bffff,"['8930e1c267bffff', '8930e1c35b7ffff', '8930e1c2647ffff', '8930e1c264fffff', '8930e1c2673ffff', '8930e1c266bffff', '8930e1c2663ffff']","[(37.636384868048246, 127.0240678282), (37.6335594383919, 127.0238331449441), (37.638119460528124, 127.0215869758248), (37.63529407035215, 127.02135240315073), (37.63921033607518, 127.02430253253083), (37.63465015447572, 127.02654866363397), (37.63747566198206, 127.02678347855398)]",4,0,0,4,0,4,0,1,3,0,0,0,0,0,0,0,0,0,0,0,0,0,0,0,0,3,1,2,0,0,23,0,12,11,0,7,32,57,0,0,4,3,2,0,0,1,0,15,0.6095737165755267
127.0185578324,37.6347809528,8930e1c264bffff,"['8930e1c2643ffff', '8930e1c35b3ffff', '8930e1c3597ffff', '8930e1c265bffff', '8930e1c264bffff', '8930e1c264fffff', '8930e1c3587ffff']","[(37.637028581226836, 127.01887164442765), (37.63246871855116, 127.02111785153896), (37.633112463726796, 127.01592222890288), (37.635937698184726, 127.01615653832346), (37.63420326890718, 127.0186372033903), (37.63529407035215, 127.02135240315073), (37.631377994966904, 127.01840278340265)]",13,0,9,4,0,0,0,0,0,0,0,0,0,0,0,0,0,0,0,0,0,0,0,0,0,0,0,0,0,0,0,0,0,0,0,7,34,28,0,0,4,5,0,0,0,4,1,20,0.5666641870204558
126.9933205947,37.5712595423,8930e1d8d53ffff,"['8930e1d8d57ffff', '8930e1d8d43ffff', '8930e1d8dcbffff', '8930e1d8d5bffff', '8930e1d8d53ffff', '8930e1d8c27ffff', '8930e1d8dcfffff']","[(37.572904291481116, 126.99520420866627), (37.570080294995336, 126.99497110722413), (37.5735494670655, 126.99001548863409), (37.56899102295065, 126.99226033610307), (37.571814941449475, 126.9924933063196), (37.570725587891545, 126.98978262874023), (37.57463889861132, 126.99272629743173)]",0,0,0,0,0,4,0,2,0,2,0,0,0,0,0,0,0,0,0,0,0,0,0,0,0,49,2,24,20,3,0,0,0,0,0,2,22,30,1,1,3,7,0,1,0,0,3,9,0.5152609521471252
126.9908626951,37.5720556471,8930e1d8d53ffff,"['8930e1d8d57ffff', '8930e1d8d43ffff', '8930e1d8dcbffff', '8930e1d8d5bffff', '8930e1d8d53ffff', '8930e1d8c27ffff', '8930e1d8dcfffff']","[(37.572904291481116, 126.99520420866627), (37.570080294995336, 126.99497110722413), (37.5735494670655, 126.99001548863409), (37.56899102295065, 126.99226033610307), (37.571814941449475, 126.9924933063196), (37.570725587891545, 126.98978262874023), (37.57463889861132, 126.99272629743173)]",0,0,0,0,0,4,0,2,0,2,0,0,0,0,0,0,0,0,0,0,0,0,0,0,0,49,2,24,20,3,0,0,0,0,0,2,22,30,1,1,3,7,0,1,0,0,3,9,0.5152609521471252
127.0582356903,37.6079257514,8930e1c06b7ffff,"['8930e1c044fffff', '8930e1c06b7ffff', '8930e1c06b3ffff', '8930e1c046bffff', '8930e1c06a7ffff', '8930e1c06a3ffff', '8930e1c047bffff']","[(37.610998205303005, 127.05608124350236), (37.609261878417726, 127.05856174732162), (37.60817230177907, 127.05584514410052), (37.6103514511866, 127.06127857576917), (37.607525430485964, 127.06104223407432), (37.606435935557634, 127.0583255373814), (37.61208785978322, 127.05879797847071)]",0,0,0,0,0,0,0,0,0,0,0,0,0,0,0,0,0,0,0,0,0,0,0,0,0,0,0,0,0,0,0,0,0,0,0,3,17,0,0,0,4,11,0,0,0,3,1,9,0.44356115435324867
127.0201885281,37.6401258452,8930e1c2657ffff,"['8930e1c2643ffff', '8930e1c26cfffff', '8930e1c2657ffff', '8930e1c260bffff', '8930e1c2653ffff', '8930e1c2647ffff', '8930e1c261bffff']","[(37.637028581226836, 127.01887164442765), (37.64158828219953, 127.0166252202873), (37.63985393191275, 127.01910610651755), (37.64094488906595, 127.02182156956407), (37.63876297101334, 127.01639086878399), (37.638119460528124, 127.0215869758248), (37.64267932095183, 127.01934058966282)]",0,0,0,0,0,7,0,1,6,0,0,0,0,0,0,9,0,4,5,0,0,0,0,0,0,0,0,0,0,0,0,0,0,0,0,2,1,47,0,0,1,8,0,0,0,4,2,1,0.3986021354652873
127.0193382748,37.6356121273,8930e1c2643ffff,"['8930e1c2643ffff', '8930e1c2657ffff', '8930e1c2653ffff', '8930e1c265bffff', '8930e1c264bffff', '8930e1c2647ffff', '8930e1c264fffff']","[(37.637028581226836, 127.01887164442765), (37.63985393191275, 127.01910610651755), (37.63876297101334, 127.01639086878399), (37.635937698184726, 127.01615653832346), (37.63420326890718, 127.0186372033903), (37.638119460528124, 127.0215869758248), (37.63529407035215, 127.02135240315073)]",0,0,0,0,0,0,0,0,0,0,0,0,0,0,0,0,0,0,0,0,13,0,9,4,0,0,0,0,0,0,0,0,0,0,0,1,7,56,0,0,1,6,0,0,0,2,2,2,0.3797907051834532
127.0176462978,37.6366329996,8930e1c2643ffff,"['8930e1c2643ffff', '8930e1c2657ffff', '8930e1c2653ffff', '8930e1c265bffff', '8930e1c264bffff', '8930e1c2647ffff', '8930e1c264fffff']","[(37.637028581226836, 127.01887164442765), (37.63985393191275, 127.01910610651755), (37.63876297101334, 127.01639086878399), (37.635937698184726, 127.01615653832346), (37.63420326890718, 127.0186372033903), (37.638119460528124, 127.0215869758248), (37.63529407035215, 127.02135240315073)]",0,0,0,0,0,0,0,0,0,0,0,0,0,0,0,0,0,0,0,0,13,0,9,4,0,0,0,0,0,0,0,0,0,0,0,1,7,56,0,0,1,6,0,0,0,2,2,2,0.3797907051834532
127.0195476503,37.6365805531,8930e1c2643ffff,"['8930e1c2643ffff', '8930e1c2657ffff', '8930e1c2653ffff', '8930e1c265bffff', '8930e1c264bffff', '8930e1c2647ffff', '8930e1c264fffff']","[(37.637028581226836, 127.01887164442765), (37.63985393191275, 127.01910610651755), (37.63876297101334, 127.01639086878399), (37.635937698184726, 127.01615653832346), (37.63420326890718, 127.0186372033903), (37.638119460528124, 127.0215869758248), (37.63529407035215, 127.02135240315073)]",0,0,0,0,0,0,0,0,0,0,0,0,0,0,0,0,0,0,0,0,13,0,9,4,0,0,0,0,0,0,0,0,0,0,0,1,7,56,0,0,1,6,0,0,0,2,2,2,0.3797907051834532
126.9063655655,37.5096400381,8930e1d946bffff,"['8930e1d90d3ffff', '8930e1d9463ffff', '8930e1d947bffff', '8930e1d946bffff', '8930e1d946fffff', '8930e1d96b7ffff', '8930e1d96a7ffff']","[(37.5080976566724, 126.90875233989618), (37.51265132151239, 126.90650726879248), (37.511562568822406, 126.90380472600144), (37.509830173008645, 126.90627854115054), (37.5109188444428, 126.90898117754216), (37.50874149851402, 126.90357612883668), (37.50700906343269, 126.90604983398912)]",4,1,2,1,0,0,0,0,0,0,0,0,0,0,0,0,0,0,0,0,0,0,0,0,0,0,0,0,0,0,0,0,0,0,0,5,15,0,0,0,2,11,0,0,0,5,0,5,0.35728588657068855
126.9259651225,37.4856412642,8930e1d922bffff,"['8930e1d9267ffff', '8930e1d922bffff', '8930e036c93ffff', '8930e1d923bffff', '8930e1d9223ffff', '8930e1d9277ffff', '8930e1d922fffff']","[(37.48185994129626, 126.9249207413287), (37.484681208545496, 126.92515024617488), (37.48294757145225, 126.92762347352203), (37.48641472517564, 126.92267700236116), (37.487502514844195, 126.9253797715682), (37.48359349708192, 126.92244760745426), (37.48576891690552, 126.92785310886201)]",6,0,2,4,0,0,0,0,0,0,0,0,0,0,0,0,0,0,0,0,0,0,0,0,0,0,0,0,0,0,0,0,0,0,0,2,15,121,0,0,3,1,1,0,0,2,0,8,0.3539648438409914
126.9260592015,37.4817130685,8930e1d9267ffff,"['8930e1d9267ffff', '8930e036c93ffff', '8930e1d922bffff', '8930e1d9277ffff', '8930e1d9263ffff', '8930e1d926fffff', '8930e036c9bffff']","[(37.48185994129626, 126.9249207413287), (37.48294757145225, 126.92762347352203), (37.484681208545496, 126.92515024617488), (37.48359349708192, 126.92244760745426), (37.480772308041985, 126.92221823308205), (37.4790387131095, 126.92469125702686), (37.480126265057166, 126.92739385873884)]",0,0,0,0,0,0,0,0,0,0,6,0,2,4,0,0,0,0,0,0,0,0,0,0,0,0,0,0,0,0,0,0,0,0,0,0,0,75,0,0,0,9,0,0,0,2,0,0,0.3539577876424521
126.9238036453,37.4815447777,8930e1d9267ffff,"['8930e1d9267ffff', '8930e036c93ffff', '8930e1d922bffff', '8930e1d9277ffff', '8930e1d9263ffff', '8930e1d926fffff', '8930e036c9bffff']","[(37.48185994129626, 126.9249207413287), (37.48294757145225, 126.92762347352203), (37.484681208545496, 126.92515024617488), (37.48359349708192, 126.92244760745426), (37.480772308041985, 126.92221823308205), (37.4790387131095, 126.92469125702686), (37.480126265057166, 126.92739385873884)]",0,0,0,0,0,0,0,0,0,0,6,0,2,4,0,0,0,0,0,0,0,0,0,0,0,0,0,0,0,0,0,0,0,0,0,0,0,75,0,0,0,9,0,0,0,2,0,0,0.3539577876424521
126.9054126164,37.465113638,8930e0361dbffff,"['8930e0360a7ffff', '8930e0361cbffff', '8930e036037ffff', '8930e0361d3ffff', '8930e0361c3ffff', '8930e0361dbffff', '8930e0360afffff']","[(37.46751762407057, 126.90285008264868), (37.4640512951133, 126.90779436596813), (37.46296395655347, 126.90509372236585), (37.468605122136985, 126.90555076307787), (37.46687193659717, 126.90802300640502), (37.46578451977946, 126.9053222324973), (37.464697099971914, 126.90262168236617)]",0,0,0,0,0,0,0,0,0,0,0,0,0,0,0,0,0,0,0,0,0,0,0,0,0,0,0,0,0,0,6,0,3,3,0,0,0,0,0,2,0,12,0,0,0,5,1,0,0.3496582690761264
126.9044039935,37.466028546,8930e0361dbffff,"['8930e0360a7ffff', '8930e0361cbffff', '8930e036037ffff', '8930e0361d3ffff', '8930e0361c3ffff', '8930e0361dbffff', '8930e0360afffff']","[(37.46751762407057, 126.90285008264868), (37.4640512951133, 126.90779436596813), (37.46296395655347, 126.90509372236585), (37.468605122136985, 126.90555076307787), (37.46687193659717, 126.90802300640502), (37.46578451977946, 126.9053222324973), (37.464697099971914, 126.90262168236617)]",0,0,0,0,0,0,0,0,0,0,0,0,0,0,0,0,0,0,0,0,0,0,0,0,0,0,0,0,0,0,6,0,3,3,0,0,0,0,0,2,0,12,0,0,0,5,1,0,0.3496582690761264
126.9035799176,37.4960796629,8930e1d9677ffff,"['8930e1d960fffff', '8930e1d9667ffff', '8930e1d962bffff', '8930e1d963bffff', '8930e1d9663ffff', '8930e1d9677ffff', '8930e1d9673ffff']","[(37.49745760673159, 126.902661944831), (37.49399230212818, 126.90760845896473), (37.496813295085964, 126.90783719418702), (37.49854596840169, 126.90536383536052), (37.49290409992514, 126.90490660529383), (37.495725014666995, 126.90513521009379), (37.49463673121379, 126.9024334499792)]",3,0,2,1,0,0,0,0,0,0,4,0,3,1,0,0,0,0,0,0,0,0,0,0,0,0,0,0,0,0,0,0,0,0,0,2,7,1,0,0,2,11,0,0,0,5,1,5,0.346590297648144
126.9545824277,37.5355385033,8930e1d8343ffff,"['8930e1d835bffff', '8930e1d834bffff', '8930e1d834fffff', '8930e1d8347ffff', '8930e1d8353ffff', '8930e1d8357ffff', '8930e1d8343ffff']","[(37.53398215321314, 126.95271576558743), (37.53224833282701, 126.95519137507333), (37.53333702499686, 126.95789817842736), (37.53615969704481, 126.95812940962676), (37.536804707902434, 126.95294675577104), (37.53789355956521, 126.95565359644894), (37.535070926784115, 126.95542247540583)]",0,0,0,0,0,0,0,0,0,0,0,0,0,0,0,0,0,0,0,0,0,0,0,0,0,0,0,0,0,0,0,0,0,0,0,2,3,4,0,0,2,10,0,0,0,4,2,4,0.34159007457492824
126.9553007519,37.5338969533,8930e1d8343ffff,"['8930e1d835bffff', '8930e1d834bffff', '8930e1d834fffff', '8930e1d8347ffff', '8930e1d8353ffff', '8930e1d8357ffff', '8930e1d8343ffff']","[(37.53398215321314, 126.95271576558743), (37.53224833282701, 126.95519137507333), (37.53333702499686, 126.95789817842736), (37.53615969704481, 126.95812940962676), (37.536804707902434, 126.95294675577104), (37.53789355956521, 126.95565359644894), (37.535070926784115, 126.95542247540583)]",0,0,0,0,0,0,0,0,0,0,0,0,0,0,0,0,0,0,0,0,0,0,0,0,0,0,0,0,0,0,0,0,0,0,0,2,3,4,0,0,2,10,0,0,0,4,2,4,0.34159007457492824
126.9599913203,37.5477466203,8930e1d83bbffff,"['8930e1d83abffff', '8930e1d83a3ffff', '8930e1d83bbffff', '8930e1d838fffff', '8930e1d8387ffff', '8930e1d8317ffff', '8930e1d83b3ffff']","[(37.545716947222225, 126.96153077894876), (37.54853985253877, 126.96176222399373), (37.54745077330282, 126.95905454168255), (37.54636169072207, 126.95634708386919), (37.54918447866875, 126.95657828778222), (37.54462794605446, 126.95882322757433), (37.55027363931865, 126.95928587652493)]",0,0,0,0,0,0,0,0,0,0,0,0,0,0,0,0,0,0,0,0,0,0,0,0,0,0,0,0,0,0,0,0,0,0,0,4,12,0,0,1,2,8,0,0,0,1,2,6,0.338516698284791
126.9609058336,37.5497553421,8930e1d83a3ffff,"['8930e1d83a3ffff', '8930e1d83abffff', '8930e1d83bbffff', '8930e1d83b7ffff', '8930e1d83afffff', '8930e1d83a7ffff', '8930e1d83b3ffff']","[(37.54853985253877, 126.96176222399373), (37.545716947222225, 126.96153077894876), (37.54745077330282, 126.95905454168255), (37.551362796618456, 126.96199368978537), (37.54680594503716, 126.96423855481696), (37.54962892841659, 126.96447013081855), (37.55027363931865, 126.95928587652493)]",0,0,0,0,0,0,0,0,0,0,0,0,0,0,0,5,1,4,0,0,0,0,0,0,0,0,0,0,0,0,0,0,0,0,0,0,0,0,0,1,0,12,0,0,0,2,1,2,0.3311465862054364
126.9854861204,37.4800935941,8930e1cb48bffff,"['8930e1cb413ffff', '8930e1cb4d7ffff', '8930e1cb48fffff', '8930e1cb483ffff', '8930e1cb48bffff', '8930e1cb49bffff', '8930e1cb4c7ffff']","[(37.47973289736423, 126.98752288383618), (37.480381941938916, 126.98234212314722), (37.48255564987969, 126.98775531769463), (37.484291511057585, 126.98528093219483), (37.48146879758744, 126.98504860835527), (37.483204577282244, 126.98257431616902), (37.47864612319784, 126.9848163053219)]",0,0,0,0,0,0,0,0,0,0,0,0,0,0,0,0,0,0,0,0,0,0,0,0,0,2,1,0,1,0,0,0,0,0,0,0,2,0,0,0,0,10,0,0,0,2,2,0,0.31418457398064614
127.0261707046,37.6377033787,8930e1c2663ffff,"['8930e1c2663ffff', '8930e1c2677ffff', '8930e1c267bffff', '8930e1c2673ffff', '8930e1c266fffff', '8930e1c266bffff', '8930e1c2667ffff']","[(37.63747566198206, 127.02678347855398), (37.64030120785452, 127.02701831456152), (37.636384868048246, 127.0240678282), (37.63921033607518, 127.02430253253083), (37.635740866789185, 127.02926440762437), (37.63465015447572, 127.02654866363397), (37.63856645214008, 127.02949935422846)]",23,0,12,11,0,0,0,0,0,0,4,0,0,4,0,0,0,0,0,0,0,0,0,0,0,3,1,2,0,0,0,0,0,0,0,6,24,41,0,0,2,5,0,0,0,1,0,10,0.311865325508376
126.9987918593,37.5695884132,8930e1d8d7bffff,"['8930e1d8d73ffff', '8930e1d8d6bffff', '8930e1d8d47ffff', '8930e1d8d63ffff', '8930e1d8d4fffff', '8930e1d8d7bffff', '8930e1d88b7ffff']","[(37.57225882846828, 127.00039332377168), (37.567699745029664, 127.00263784157882), (37.57116956350567, 126.99768210310837), (37.57052389811387, 127.00287129493417), (37.56834552770567, 126.99744889133856), (37.56943471468766, 127.00015998074889), (37.566610639583104, 126.99992665865382)]",0,0,0,0,0,0,0,0,0,0,0,0,0,0,0,4,1,3,0,0,4,1,2,0,1,0,0,0,0,0,5,2,2,1,0,4,5,88,1,1,1,5,0,0,0,2,1,6,0.3088461974429437
127.1397631271,37.5350971465,8930e1cf557ffff,"['8930e1cf50bffff', '8930e1cf553ffff', '8930e1cf557ffff', '8930e1cf5cfffff', '8930e1cf51bffff', '8930e1cf547ffff', '8930e1cf543ffff']","[(37.53601877467143, 127.14168904421695), (37.533845959715755, 127.1362510391951), (37.53493236924514, 127.13896992922226), (37.53667292322867, 127.13649065601705), (37.537759410592855, 127.13920967795747), (37.53319169436137, 127.14144918507472), (37.53210536676887, 127.13873020200063)]",0,0,0,0,0,0,0,0,0,0,0,0,0,0,0,0,0,0,0,0,3,0,2,1,0,0,0,0,0,0,0,0,0,0,0,2,17,80,0,0,2,3,0,0,0,4,0,14,0.30102624614875845
126.97770413,37.485139664,8930e1d9a63ffff,"['8930e1d9a6bffff', '8930e1d9a67ffff', '8930e1d9a7bffff', '8930e1d9a63ffff', '8930e1d9a6fffff', '8930e1d9a73ffff', '8930e1d9a77ffff']","[(37.48103069970001, 126.97716175650788), (37.484940236445944, 126.98010000728652), (37.48276619593565, 126.97468763428756), (37.48385321785428, 126.9773937087252), (37.48211764015861, 126.97986792427862), (37.48558867502327, 126.97491947649597), (37.48667577507597, 126.97762568171682)]",0,0,0,0,0,23,0,11,12,0,8,0,6,2,0,0,0,0,0,0,0,0,0,0,0,0,0,0,0,0,0,0,0,0,0,7,8,22,0,1,1,7,0,0,0,7,1,4,0.2979259729297154
127.0179853148,37.5927219664,8930e1c32b3ffff,"['8930e1c32a3ffff', '8930e1c3287ffff', '8930e1c32b3ffff', '8930e1c304bffff', '8930e1c32b7ffff', '8930e1c304fffff', '8930e1c32bbffff']","[(37.59118260691997, 127.02031542317293), (37.59182819697029, 127.01512311221397), (37.59291783004248, 127.01783633893446), (37.594652932224506, 127.01535723780218), (37.594007459446374, 127.02054979064435), (37.59574264321895, 127.01807059597057), (37.590093055437336, 127.01760210291832)]",16,0,5,10,1,4,0,3,0,1,0,0,0,0,0,0,0,0,0,0,4,1,2,1,0,0,0,0,0,0,16,1,6,9,0,2,24,4,0,0,2,6,1,0,0,4,0,9,0.2940201312178964
126.9807351168,37.479051435,8930e1cb4d3ffff,"['8930e1d9a6bffff', '8930e1cb4d7ffff', '8930e1cb4dbffff', '8930e1cb4c3ffff', '8930e1d9a6fffff', '8930e1cb4d3ffff', '8930e0369a7ffff']","[(37.48103069970001, 126.97716175650788), (37.480381941938916, 126.98234212314722), (37.47647256482543, 126.97940382061205), (37.4775593456805, 126.98210995091914), (37.48211764015861, 126.97986792427862), (37.47929508294743, 126.97963586205476), (37.47820822062624, 126.97692982506207)]",0,0,0,0,0,0,0,0,0,0,7,0,3,3,1,13,2,6,4,1,0,0,0,0,0,0,0,0,0,0,0,0,0,0,0,0,0,21,0,0,0,8,0,0,0,6,2,0,0.2919044801054739
126.9644309623,37.4760158749,8930e03699bffff,"['8930e03699bffff', '8930e036d6fffff', '8930e0369d7ffff', '8930e03698bffff', '8930e036983ffff', '8930e036d67ffff', '8930e036993ffff']","[(37.47559594784794, 126.96363427889666), (37.47450898765873, 126.96092945551257), (37.47277385954044, 126.96340300104387), (37.47386073831063, 126.96610791777402), (37.47668290478194, 126.96633932630579), (37.4773310369035, 126.9611606234029), (37.4784180752575, 126.9638655774586)]",0,0,0,0,0,0,0,0,0,0,0,0,0,0,0,7,1,4,2,0,5,0,5,0,0,0,0,0,0,0,0,0,0,0,0,2,9,0,0,0,2,8,0,0,0,4,2,5,0.29083064789889507
127.0036405244,37.5298568218,8930e1ca49bffff,"['8930e1ca483ffff', '8930e1d8a67ffff', '8930e1ca4d7ffff', '8930e1ca49bffff', '8930e1ca48bffff', '8930e1ca493ffff', '8930e1d8a6fffff']","[(37.5314296885282, 127.007501078564), (37.53207736782407, 127.00231455443613), (37.52751795824695, 127.00455765664934), (37.53034168576204, 127.00479105844234), (37.52860588298407, 127.00726754563911), (37.53316545213606, 127.00502448115851), (37.52925367948004, 127.00208126284447)]",0,0,0,0,0,0,0,0,0,0,0,0,0,0,0,0,0,0,0,0,3,1,1,1,0,11,0,7,3,1,0,0,0,0,0,0,4,0,0,0,0,9,0,0,0,2,2,1,0.2898061747727644
127.0038515828,37.5312394152,8930e1ca49bffff,"['8930e1ca483ffff', '8930e1d8a67ffff', '8930e1ca4d7ffff', '8930e1ca49bffff', '8930e1ca48bffff', '8930e1ca493ffff', '8930e1d8a6fffff']","[(37.5314296885282, 127.007501078564), (37.53207736782407, 127.00231455443613), (37.52751795824695, 127.00455765664934), (37.53034168576204, 127.00479105844234), (37.52860588298407, 127.00726754563911), (37.53316545213606, 127.00502448115851), (37.52925367948004, 127.00208126284447)]",0,0,0,0,0,0,0,0,0,0,0,0,0,0,0,0,0,0,0,0,3,1,1,1,0,11,0,7,3,1,0,0,0,0,0,0,4,0,0,0,0,9,0,0,0,2,2,1,0.2898061747727644
127.0055482943,37.5296370672,8930e1ca49bffff,"['8930e1ca483ffff', '8930e1d8a67ffff', '8930e1ca4d7ffff', '8930e1ca49bffff', '8930e1ca48bffff', '8930e1ca493ffff', '8930e1d8a6fffff']","[(37.5314296885282, 127.007501078564), (37.53207736782407, 127.00231455443613), (37.52751795824695, 127.00455765664934), (37.53034168576204, 127.00479105844234), (37.52860588298407, 127.00726754563911), (37.53316545213606, 127.00502448115851), (37.52925367948004, 127.00208126284447)]",0,0,0,0,0,0,0,0,0,0,0,0,0,0,0,0,0,0,0,0,3,1,1,1,0,11,0,7,3,1,0,0,0,0,0,0,4,0,0,0,0,9,0,0,0,2,2,1,0.2898061747727644
126.9906797596,37.5636034156,8930e1d8883ffff,"['8930e1d888fffff', '8930e1d8887ffff', '8930e1d8883ffff', '8930e1d8893ffff', '8930e1d889bffff', '8930e1d8897ffff', '8930e1d888bffff']","[(37.561608537620685, 126.99427192831868), (37.56443241805205, 126.9945049670531), (37.56334330199433, 126.99179445834575), (37.565077945558905, 126.98931697159898), (37.56225418242632, 126.98908417434598), (37.56616714312793, 126.9920273867794), (37.56051949956298, 126.99156155079932)]",5,0,3,2,0,0,0,0,0,0,0,0,0,0,0,0,0,0,0,0,0,0,0,0,0,0,0,0,0,0,0,0,0,0,0,1,11,86,0,0,3,7,0,0,1,0,0,8,0.28851342708879724
126.9170489106,37.4760555206,8930e0361b3ffff,"['8930e1d924bffff', '8930e036187ffff', '8930e1d924fffff', '8930e0361bbffff', '8930e0361b7ffff', '8930e0361b3ffff', '8930e0361a3ffff']","[(37.477509389821996, 126.91411205186418), (37.47468847452105, 126.91388308928967), (37.47859703229159, 126.9168138883656), (37.47295508431943, 126.91635572291665), (37.47686359994832, 126.91928672536775), (37.475776038761325, 126.91658479538896), (37.47404256727805, 126.91905752248593)]",6,1,3,1,1,0,0,0,0,0,0,0,0,0,0,0,0,0,0,0,0,0,0,0,0,0,0,0,0,0,34,1,23,9,1,4,17,0,0,0,5,9,0,0,0,6,1,4,0.283637536660446
127.013264208,37.564104533,8930e1d891bffff,"['8930e1d89cfffff', '8930e1d8903ffff', '8930e1d890bffff', '8930e1d8957ffff', '8930e1d89c7ffff', '8930e1d8913ffff', '8930e1d891bffff']","[(37.562494111041886, 127.01007132311365), (37.564671821860564, 127.01549492420497), (37.561847433688385, 127.01526089823314), (37.56075865805011, 127.01254911661002), (37.56531838197879, 127.0103051074527), (37.56640731716017, 127.01301692691354), (37.56358296825188, 127.01278301127216)]",0,0,0,0,0,0,0,0,0,0,0,0,0,0,0,0,0,0,0,0,0,0,0,0,0,0,0,0,0,0,0,0,0,0,0,0,4,17,2,0,1,9,0,0,0,4,3,1,0.2812398517779028
127.011916136,37.5627190211,8930e1d891bffff,"['8930e1d89cfffff', '8930e1d8903ffff', '8930e1d890bffff', '8930e1d8957ffff', '8930e1d89c7ffff', '8930e1d8913ffff', '8930e1d891bffff']","[(37.562494111041886, 127.01007132311365), (37.564671821860564, 127.01549492420497), (37.561847433688385, 127.01526089823314), (37.56075865805011, 127.01254911661002), (37.56531838197879, 127.0103051074527), (37.56640731716017, 127.01301692691354), (37.56358296825188, 127.01278301127216)]",0,0,0,0,0,0,0,0,0,0,0,0,0,0,0,0,0,0,0,0,0,0,0,0,0,0,0,0,0,0,0,0,0,0,0,0,4,17,2,0,1,9,0,0,0,4,3,1,0.2812398517779028
126.9215279006,37.48571647,8930e1d923bffff,"['8930e1d9207ffff', '8930e1d923bffff', '8930e1d922bffff', '8930e1d9223ffff', '8930e1d9277ffff', '8930e1d9233ffff', '8930e1d920fffff']","[(37.4881481213401, 126.92020374208987), (37.48641472517564, 126.92267700236116), (37.484681208545496, 126.92515024617488), (37.487502514844195, 126.9253797715682), (37.48359349708192, 126.92244760745426), (37.48923599231011, 126.92290641780548), (37.485326932411546, 126.91997445712462)]",0,0,0,0,0,0,0,0,0,0,6,0,2,4,0,0,0,0,0,0,0,0,0,0,0,0,0,0,0,0,0,0,0,0,0,2,8,114,0,0,2,3,0,0,0,2,0,6,0.2770859718997024
127.0708608104,37.6612706216,8930e1c2127ffff,"['8930e1c2ccbffff', '8930e1c2127ffff', '8930e1c2c53ffff', '8930e1c212fffff', '8930e1c2c5bffff', '8930e1c2123ffff', '8930e1c2137ffff']","[(37.66340832909828, 127.07097543911974), (37.66058146188015, 127.07073845097729), (37.6616723452972, 127.07345819797936), (37.65775463293115, 127.07050148413012), (37.658845438599045, 127.0732210991028), (37.65949057446087, 127.06801892958899), (37.66231736392885, 127.0682557857094)]",10,2,4,4,0,0,0,0,0,0,12,0,6,6,0,0,0,0,0,0,24,0,20,4,0,0,0,0,0,0,0,0,0,0,0,5,18,0,0,0,3,9,0,0,0,5,0,8,0.2765585247536528
126.9908851291,37.5672642223,8930e1d8c2fffff,"['8930e1d8c23ffff', '8930e1d8c2bffff', '8930e1d8893ffff', '8930e1d8d5bffff', '8930e1d8c2fffff', '8930e1d8897ffff', '8930e1d8c27ffff']","[(37.56963623082069, 126.98707217591237), (37.56681246831171, 126.9868394680874), (37.565077945558905, 126.98931697159898), (37.56899102295065, 126.99226033610307), (37.56790174738499, 126.98954978972945), (37.56616714312793, 126.9920273867794), (37.570725587891545, 126.98978262874023)]",0,0,0,0,0,0,0,0,0,0,0,0,0,0,0,0,0,0,0,0,0,0,0,0,0,0,0,0,0,0,49,2,24,20,3,2,2,57,0,1,0,4,0,0,0,0,2,6,0.27364471066661544
126.9887599027,37.5692319052,8930e1d8c2fffff,"['8930e1d8c23ffff', '8930e1d8c2bffff', '8930e1d8893ffff', '8930e1d8d5bffff', '8930e1d8c2fffff', '8930e1d8897ffff', '8930e1d8c27ffff']","[(37.56963623082069, 126.98707217591237), (37.56681246831171, 126.9868394680874), (37.565077945558905, 126.98931697159898), (37.56899102295065, 126.99226033610307), (37.56790174738499, 126.98954978972945), (37.56616714312793, 126.9920273867794), (37.570725587891545, 126.98978262874023)]",0,0,0,0,0,0,0,0,0,0,0,0,0,0,0,0,0,0,0,0,0,0,0,0,0,0,0,0,0,0,49,2,24,20,3,2,2,57,0,1,0,4,0,0,0,0,2,6,0.27364471066661544
127.0506690932,37.6047955523,8930e1c0683ffff,"['8930e1c068fffff', '8930e1c0697ffff', '8930e1c0687ffff', '8930e1c068bffff', '8930e1c0683ffff', '8930e1c0693ffff', '8930e1c069bffff']","[(37.60425693412139, 127.05289281959921), (37.60881888477095, 127.05064844924165), (37.60708272128414, 127.05312876609007), (37.60316742764037, 127.05017679847832), (37.60599313694633, 127.05041261327443), (37.607729218745995, 127.0479323899177), (37.604903548779134, 127.0476966856379)]",0,0,0,0,0,9,0,5,3,1,0,0,0,0,0,0,0,0,0,0,0,0,0,0,0,13,0,10,3,0,0,0,0,0,0,1,3,0,0,1,1,9,0,0,0,0,2,1,0.26407831776402524
127.0493331724,37.605678885,8930e1c0683ffff,"['8930e1c068fffff', '8930e1c0697ffff', '8930e1c0687ffff', '8930e1c068bffff', '8930e1c0683ffff', '8930e1c0693ffff', '8930e1c069bffff']","[(37.60425693412139, 127.05289281959921), (37.60881888477095, 127.05064844924165), (37.60708272128414, 127.05312876609007), (37.60316742764037, 127.05017679847832), (37.60599313694633, 127.05041261327443), (37.607729218745995, 127.0479323899177), (37.604903548779134, 127.0476966856379)]",0,0,0,0,0,9,0,5,3,1,0,0,0,0,0,0,0,0,0,0,0,0,0,0,0,13,0,10,3,0,0,0,0,0,0,1,3,0,0,1,1,9,0,0,0,0,2,1,0.26407831776402524
126.9295549146,37.4872398106,8930e1d935bffff,"['8930e1d935bffff', '8930e1d9227ffff', '8930e1d934bffff', '8930e1d922fffff', '8930e036c97ffff', '8930e1d9353ffff', '8930e1d9343ffff']","[(37.48685662214877, 126.93055619553147), (37.48859030140395, 126.92808276476161), (37.485122822416415, 126.93302960981195), (37.48576891690552, 126.92785310886201), (37.48403519849675, 126.93032642967783), (37.4896780848417, 126.93078598195711), (37.48794432426198, 126.93325950619902)]",0,0,0,0,0,9,1,4,4,0,0,0,0,0,0,0,0,0,0,0,0,0,0,0,0,0,0,0,0,0,3,1,1,1,0,2,7,74,0,0,1,6,0,0,0,1,0,2,0.2625860500314403
127.0050789259,37.5748547483,8930e1d8d2bffff,"['8930e1d8d2fffff', '8930e1d8d3bffff', '8930e1d8993ffff', '8930e1d8d23ffff', '8930e1d8d67ffff', '8930e1d8d2bffff', '8930e1d8d77ffff']","[(37.57552660193588, 127.0085283345939), (37.576172320284314, 127.00333826446847), (37.57270225424547, 127.00829459769282), (37.57726165607689, 127.0060500660426), (37.57161307797094, 127.00558283391021), (37.57443734769678, 127.00581643949864), (37.573348089869775, 127.00310476922981)]",4,0,1,3,0,0,0,0,0,0,3,1,1,1,0,0,0,0,0,0,5,0,3,2,0,0,0,0,0,0,0,0,0,0,0,3,17,30,3,0,4,10,0,0,0,4,1,9,0.2623788816808279
126.9577748742,37.543044909,8930e1d8303ffff,"['8930e1d830bffff', '8930e1d831bffff', '8930e1d8303ffff', '8930e1d8317ffff', '8930e1d830fffff', '8930e1d8313ffff', '8930e1d8307ffff']","[(37.53898240791244, 126.95836066154918), (37.540716231157255, 126.95588473820531), (37.541805157586644, 126.95859193419744), (37.54462794605446, 126.95882322757433), (37.54007125293076, 126.96106795108766), (37.543538941547226, 126.95611590067782), (37.54289408068187, 126.96129935464764)]",0,0,0,0,0,0,0,0,0,0,0,0,0,0,0,0,0,0,0,0,4,1,2,1,0,0,0,0,0,0,0,0,0,0,0,2,5,0,0,1,1,8,0,0,0,3,2,2,0.26226143589058726
127.0050296941,37.5703273791,8930e1d8d67ffff,"['8930e1d8993ffff', '8930e1d8d63ffff', '8930e1d899bffff', '8930e1d8d6fffff', '8930e1d8d67ffff', '8930e1d8d2bffff', '8930e1d8d77ffff']","[(37.57270225424547, 127.00829459769282), (37.57052389811387, 127.00287129493417), (37.56987794521797, 127.00806088175705), (37.5687888469124, 127.00534924927462), (37.57161307797094, 127.00558283391021), (37.57443734769678, 127.00581643949864), (37.573348089869775, 127.00310476922981)]",5,0,3,2,0,4,1,3,0,0,0,0,0,0,0,0,0,0,0,0,0,0,0,0,0,4,0,1,3,0,0,0,0,0,0,4,18,66,3,1,3,8,0,0,0,3,0,10,0.2609085618494241
126.8859174384,37.4833134555,8930e0acb6bffff,"['8930e0acb63ffff', '8930e0acb6bffff', '8930e0acb6fffff', '8930e0acb7bffff', '8930e0364b7ffff', '8930e0365d3ffff', '8930e0364a7ffff']","[(37.485286600433874, 126.88599989955831), (37.48246627238614, 126.88577222753713), (37.48355441725712, 126.88847238355744), (37.48419837436972, 126.88329983711475), (37.4813781245841, 126.88307229534496), (37.48073404999708, 126.88824460165176), (37.479645983387286, 126.88554457589024)]",9,0,5,4,0,0,0,0,0,0,0,0,0,0,0,0,0,0,0,0,0,0,0,0,0,3,0,3,0,0,0,0,0,0,0,3,28,13,0,0,3,5,0,0,0,4,0,16,0.26050906585199957
127.0703731327,37.5495884346,8930e1c1317ffff,"['8930e1c13bbffff', '8930e1c1317ffff', '8930e1c13abffff', '8930e1c1303ffff', '8930e1c1307ffff', '8930e1c138fffff', '8930e1c1313ffff']","[(37.553627152274515, 127.06965699175933), (37.55080159230519, 127.06942045853113), (37.55188935087122, 127.07213560874821), (37.54797607111617, 127.06918394652196), (37.549063751772906, 127.07189896515462), (37.55253931197169, 127.06694193482743), (37.54971382991266, 127.06670553317636)]",0,0,0,0,0,0,0,0,0,0,0,0,0,0,0,4,0,1,2,1,0,0,0,0,0,0,0,0,0,0,0,0,0,0,0,5,9,5,0,0,2,9,0,1,0,5,1,4,0.25620987963268727
127.0703008746,37.5517690794,8930e1c1317ffff,"['8930e1c13bbffff', '8930e1c1317ffff', '8930e1c13abffff', '8930e1c1303ffff', '8930e1c1307ffff', '8930e1c138fffff', '8930e1c1313ffff']","[(37.553627152274515, 127.06965699175933), (37.55080159230519, 127.06942045853113), (37.55188935087122, 127.07213560874821), (37.54797607111617, 127.06918394652196), (37.549063751772906, 127.07189896515462), (37.55253931197169, 127.06694193482743), (37.54971382991266, 127.06670553317636)]",0,0,0,0,0,0,0,0,0,0,0,0,0,0,0,4,0,1,2,1,0,0,0,0,0,0,0,0,0,0,0,0,0,0,0,5,9,5,0,0,2,9,0,1,0,5,1,4,0.25620987963268727
126.9184683373,37.4723874106,8930e0361abffff,"['8930e036107ffff', '8930e036117ffff', '8930e0361bbffff', '8930e0361afffff', '8930e036133ffff', '8930e0361abffff', '8930e0361a3ffff']","[(37.46840061924169, 126.91859917826153), (37.470134168978866, 126.91612667094591), (37.47295508431943, 126.91635572291665), (37.47230897537478, 126.92153023314599), (37.46948794267993, 126.921300940885), (37.471221573704845, 126.91882834011813), (37.47404256727805, 126.91905752248593)]",0,0,0,0,0,0,0,0,0,0,0,0,0,0,0,0,0,0,0,0,0,0,0,0,0,0,0,0,0,0,34,1,23,9,1,4,12,0,0,0,3,10,0,0,0,5,0,7,0.25446648767359786
126.9198553047,37.4701295356,8930e0361abffff,"['8930e036107ffff', '8930e036117ffff', '8930e0361bbffff', '8930e0361afffff', '8930e036133ffff', '8930e0361abffff', '8930e0361a3ffff']","[(37.46840061924169, 126.91859917826153), (37.470134168978866, 126.91612667094591), (37.47295508431943, 126.91635572291665), (37.47230897537478, 126.92153023314599), (37.46948794267993, 126.921300940885), (37.471221573704845, 126.91882834011813), (37.47404256727805, 126.91905752248593)]",0,0,0,0,0,0,0,0,0,0,0,0,0,0,0,0,0,0,0,0,0,0,0,0,0,0,0,0,0,0,34,1,23,9,1,4,12,0,0,0,3,10,0,0,0,5,0,7,0.25446648767359786
126.9882842063,37.5720884851,8930e1d8c37ffff,"['8930e1d8cafffff', '8930e1d8c23ffff', '8930e1d8c37ffff', '8930e1d8dcbffff', '8930e1d8c33ffff', '8930e1d8ddbffff', '8930e1d8c27ffff']","[(37.57419435527755, 126.9848271637151), (37.56963623082069, 126.98707217591237), (37.57246003200137, 126.98730490460785), (37.5735494670655, 126.99001548863409), (37.57137059343235, 126.98459454533723), (37.57528387184079, 126.98753765417673), (37.570725587891545, 126.98978262874023)]",21,0,14,6,1,9,0,3,6,0,0,0,0,0,0,0,0,0,0,0,0,0,0,0,0,0,0,0,0,0,49,2,24,20,3,3,22,38,1,1,3,3,0,0,0,1,2,10,0.2541092157344837
127.0265595728,37.5756226597,8930e1c14d7ffff,"['8930e1c326fffff', '8930e1c14c3ffff', '8930e1c14d7ffff', '8930e1c14c7ffff', '8930e1c148bffff', '8930e1c149bffff', '8930e1c14d3ffff']","[(37.57641245918053, 127.02433539805601), (37.571851938699304, 127.02657939644664), (37.5746767160558, 127.0268139899432), (37.572940852039835, 127.02929256490962), (37.57576570733122, 127.02952728984062), (37.57750153207081, 127.02704860448738), (37.573587721101404, 127.02410091493888)]",0,0,0,0,0,0,0,0,0,0,0,0,0,0,0,0,0,0,0,0,0,0,0,0,0,0,0,0,0,0,22,0,8,13,1,1,19,1,0,0,2,8,0,0,0,1,0,13,0.25162265727046784
127.011330288,37.5740421739,8930e1d8997ffff,"['8930e1d8d2fffff', '8930e1d8993ffff', '8930e1d8997ffff', '8930e1d8983ffff', '8930e1c324bffff', '8930e1d8987ffff', '8930e1c325bffff']","[(37.57552660193588, 127.0085283345939), (37.57270225424547, 127.00829459769282), (37.57379142692406, 127.01100658629774), (37.57096703993297, 127.01077273904194), (37.57488059599336, 127.01371879974089), (37.57205613104398, 127.01348482114504), (37.57661585257374, 127.01124045453149)]",0,0,0,0,0,3,1,1,1,0,0,0,0,0,0,12,0,8,4,0,0,0,0,0,0,0,0,0,0,0,0,0,0,0,0,0,0,17,1,0,0,11,0,0,0,2,1,0,0.24789722298561728
127.0068202653,37.6135490507,8930e1c3477ffff,"['8930e1c3473ffff', '8930e1c3463ffff', '8930e1c3467ffff', '8930e1c3477ffff', '8930e1c343bffff', '8930e1c342bffff', '8930e1c340fffff']","[(37.61180047506311, 127.00366232506939), (37.61006609587238, 127.00614184191244), (37.61115636691033, 127.00885522013063), (37.612890827659136, 127.00637560966646), (37.61571559792141, 127.00660939840293), (37.61398117660571, 127.00908911935336), (37.614625167415795, 127.0038959823445)]",4,0,3,1,0,0,0,0,0,0,4,1,2,1,0,0,0,0,0,0,0,0,0,0,0,0,0,0,0,0,0,0,0,0,0,6,23,0,0,0,3,5,0,0,0,6,1,11,0.24693988604390882
126.9038290071,37.4986972923,8930e1d963bffff,"['8930e1d960fffff', '8930e1d963bffff', '8930e1d9623ffff', '8930e1d962bffff', '8930e1d9677ffff', '8930e1d9607ffff', '8930e1d9633ffff']","[(37.49745760673159, 126.902661944831), (37.49854596840169, 126.90536383536052), (37.499634327032304, 126.90806594988858), (37.496813295085964, 126.90783719418702), (37.495725014666995, 126.90513521009379), (37.500278521233504, 126.9028904601399), (37.501366961116204, 126.90559248109685)]",0,0,0,0,0,0,0,0,0,0,0,0,0,0,0,4,0,3,1,0,3,0,2,1,0,0,0,0,0,0,0,0,0,0,0,2,18,1,0,0,2,7,0,0,0,7,1,1,0.24645227073592096
126.9061405249,37.4989763236,8930e1d963bffff,"['8930e1d960fffff', '8930e1d963bffff', '8930e1d9623ffff', '8930e1d962bffff', '8930e1d9677ffff', '8930e1d9607ffff', '8930e1d9633ffff']","[(37.49745760673159, 126.902661944831), (37.49854596840169, 126.90536383536052), (37.499634327032304, 126.90806594988858), (37.496813295085964, 126.90783719418702), (37.495725014666995, 126.90513521009379), (37.500278521233504, 126.9028904601399), (37.501366961116204, 126.90559248109685)]",0,0,0,0,0,0,0,0,0,0,0,0,0,0,0,4,0,3,1,0,3,0,2,1,0,0,0,0,0,0,0,0,0,0,0,2,18,1,0,0,2,7,0,0,0,7,1,1,0.24645227073592096
126.9926605585,37.5595550188,8930e1d888bffff,"['8930e1d88d7ffff', '8930e1d888fffff', '8930e1d8883ffff', '8930e1d88c7ffff', '8930e1d8813ffff', '8930e1d889bffff', '8930e1d888bffff']","[(37.559430458000314, 126.9888513979677), (37.561608537620685, 126.99427192831868), (37.56334330199433, 126.99179445834575), (37.55769573584691, 126.99132866413734), (37.55878469590023, 126.99403891048121), (37.56225418242632, 126.98908417434598), (37.56051949956298, 126.99156155079932)]",0,0,0,0,0,0,0,0,0,0,5,0,3,2,0,0,0,0,0,0,0,0,0,0,0,0,0,0,0,0,0,0,0,0,0,3,7,67,0,0,3,4,0,0,0,3,1,10,0.24298803596854107
127.0196594659,37.5664197674,8930e1d8933ffff,"['8930e1d8933ffff', '8930e1d89afffff', '8930e1d8923ffff', '8930e1d893bffff', '8930e1d8937ffff', '8930e1d8907ffff', '8930e1d89abffff']","[(37.566849518220415, 127.02091942445661), (37.569674101010754, 127.0211537341244), (37.56511373889355, 127.02339759178668), (37.564024974123505, 127.02068513580568), (37.56793836094483, 127.02363201180702), (37.565760671854534, 127.01820706192784), (37.56858517668953, 127.01844124023359)]",18,0,9,5,4,0,0,0,0,0,0,0,0,0,0,0,0,0,0,0,0,0,0,0,0,8,0,7,1,0,4,0,4,0,0,1,1,14,0,0,0,7,0,0,0,6,2,1,0.24139771891125555
127.0925762361,37.5911032344,8930e1c0373ffff,"['8930e1c030bffff', '8930e1c0363ffff', '8930e1c030fffff', '8930e1c0347ffff', '8930e1c037bffff', '8930e1c0373ffff', '8930e1c0377ffff']","[(37.59233163717486, 127.0912820980427), (37.58885563040696, 127.09624305103463), (37.59342030269576, 127.09400040440744), (37.589505106603255, 127.0910444086488), (37.58776712451604, 127.09352478322032), (37.59059369430537, 127.0937625831382), (37.591682278014105, 127.09648098283525)]",0,0,0,0,0,0,0,0,0,0,0,0,0,0,0,0,0,0,0,0,0,0,0,0,0,0,0,0,0,0,0,0,0,0,0,2,22,0,0,0,4,8,0,0,0,0,0,14,0.24087021187080576
126.9222760856,37.5468777738,8930e1d8603ffff,"['8930e1d8613ffff', '8930e1d8607ffff', '8930e1d8603ffff', '8930e1d861bffff', '8930e1d860bffff', '8930e1d860fffff', '8930e1d8617ffff']","[(37.54804493941659, 126.91984278411972), (37.5474020852062, 126.9250234725047), (37.54631256970895, 126.92231827824234), (37.54522305102687, 126.91961330835537), (37.54349064196069, 126.92208869233754), (37.544580079337315, 126.92479375587898), (37.549134536220215, 126.92254788472022)]",0,0,0,0,0,0,0,0,0,0,0,0,0,0,0,0,0,0,0,0,0,0,0,0,0,0,0,0,0,0,0,0,0,0,0,2,31,0,0,0,4,6,0,0,0,1,0,14,0.23995567604816237
127.0142332891,37.6388827112,8930e1d1b27ffff,"['8930e1d1b27ffff', '8930e1d1b23ffff', '8930e1d1b37ffff', '8930e1c2653ffff', '8930e1c265bffff', '8930e1d1b2fffff', '8930e1c26cbffff']","[(37.6376720063812, 127.01367585634756), (37.63658103802977, 127.0109610691924), (37.639406193494004, 127.01119515747173), (37.63876297101334, 127.01639086878399), (37.635937698184726, 127.01615653832346), (37.63484681141529, 127.0134416574964), (37.64049723970911, 127.01391007622888)]",0,0,0,0,0,0,0,0,0,0,0,0,0,0,0,0,0,0,0,0,0,0,0,0,0,0,0,0,0,0,0,0,0,0,0,6,15,2,0,0,4,6,0,0,0,2,2,6,0.23691269142285926
127.0810551789,37.6019070003,8930e1c0067ffff,"['8930e1c039bffff', '8930e1c0063ffff', '8930e1c0067ffff', '8930e1c0077ffff', '8930e1c002bffff', '8930e1c0393ffff', '8930e1c006fffff']","[(37.60037119100943, 127.08407791877207), (37.60101953599544, 127.07887941489756), (37.60210861047139, 127.08159725442779), (37.603845908881446, 127.07911657292756), (37.60493506117681, 127.08183454430909), (37.60319768098884, 127.08431531920664), (37.59928219831036, 127.08135998585183)]",0,0,0,0,0,0,0,0,0,0,0,0,0,0,0,0,0,0,0,0,0,0,0,0,0,0,0,0,0,0,0,0,0,0,0,4,4,0,0,0,1,11,0,0,0,4,0,2,0.23576471024019607
127.0332856437,37.5842890633,8930e1c3343ffff,"['8930e1c3353ffff', '8930e1c3347ffff', '8930e1c334bffff', '8930e1c335bffff', '8930e1c334fffff', '8930e1c3357ffff', '8930e1c3343ffff']","[(37.587065514907046, 127.030466400195), (37.58641894404638, 127.03565965448031), (37.58250467729216, 127.03271059063876), (37.584240505077716, 127.03023159100614), (37.583593817004534, 127.03542460335606), (37.58815481416432, 127.03318045094447), (37.585329726423005, 127.032945510251)]",0,0,0,0,0,0,0,0,0,0,0,0,0,0,0,0,0,0,0,0,0,0,0,0,0,0,0,0,0,0,0,0,0,0,0,3,12,0,0,0,1,7,0,0,0,4,1,7,0.23092010068607932
127.0369850652,37.5833740172,8930e1c334fffff,"['8930e1c14b7ffff', '8930e1c3347ffff', '8930e1c14b3ffff', '8930e1c334bffff', '8930e1c337bffff', '8930e1c334fffff', '8930e1c3343ffff']","[(37.581857786654226, 127.0379036795012), (37.58641894404638, 127.03565965448031), (37.58076872858184, 127.03518957332288), (37.58250467729216, 127.03271059063876), (37.58468295298695, 127.03813884105374), (37.583593817004534, 127.03542460335606), (37.585329726423005, 127.032945510251)]",0,0,0,0,0,0,0,0,0,0,0,0,0,0,0,0,0,0,0,0,0,0,0,0,0,0,0,0,0,0,0,0,0,0,0,0,17,0,0,0,2,6,0,0,0,6,1,11,0.2278663522231993
126.8132605199,37.5669715099,8930e0aec87ffff,"['8930e0a534bffff', '8930e0aecb3ffff', '8930e0aecbbffff', '8930e0aec83ffff', '8930e0aec87ffff', '8930e0aec8fffff', '8930e0aec97ffff']","[(37.56993728055407, 126.81181308546773), (37.568209266629495, 126.81428728101821), (37.56538969362022, 126.81406268550015), (37.566026224932386, 126.80889014317334), (37.56711774715111, 126.81158860001176), (37.56429825238451, 126.81136413465919), (37.56884568009175, 126.80911449847125)]",0,0,0,0,0,4,0,4,0,0,0,0,0,0,0,0,0,0,0,0,0,0,0,0,0,0,0,0,0,0,0,0,0,0,0,4,35,1,0,0,7,4,0,0,0,3,1,14,0.2277953235357703
126.8107848542,37.5662618602,8930e0aec87ffff,"['8930e0a534bffff', '8930e0aecb3ffff', '8930e0aecbbffff', '8930e0aec83ffff', '8930e0aec87ffff', '8930e0aec8fffff', '8930e0aec97ffff']","[(37.56993728055407, 126.81181308546773), (37.568209266629495, 126.81428728101821), (37.56538969362022, 126.81406268550015), (37.566026224932386, 126.80889014317334), (37.56711774715111, 126.81158860001176), (37.56429825238451, 126.81136413465919), (37.56884568009175, 126.80911449847125)]",0,0,0,0,0,4,0,4,0,0,0,0,0,0,0,0,0,0,0,0,0,0,0,0,0,0,0,0,0,0,0,0,0,0,0,4,35,1,0,0,7,4,0,0,0,3,1,14,0.2277953235357703
127.0248845287,37.6382640809,8930e1c2673ffff,"['8930e1c2677ffff', '8930e1c260bffff', '8930e1c267bffff', '8930e1c2647ffff', '8930e1c2673ffff', '8930e1c260fffff', '8930e1c2663ffff']","[(37.64030120785452, 127.02701831456152), (37.64094488906595, 127.02182156956407), (37.636384868048246, 127.0240678282), (37.638119460528124, 127.0215869758248), (37.63921033607518, 127.02430253253083), (37.64203584245952, 127.0245372579394), (37.63747566198206, 127.02678347855398)]",0,0,0,0,0,9,0,4,5,0,4,0,0,4,0,0,0,0,0,0,0,0,0,0,0,0,0,0,0,0,23,0,12,11,0,0,5,45,0,0,1,8,0,0,0,2,0,1,0.22745242297007384
127.0824549535,37.6711244555,8930e1c2cabffff,"['8930e1c2c17ffff', '8930e1c2c33ffff', '8930e1c2cabffff', '8930e1c2ca3ffff', '8930e1c2cbbffff', '8930e1c2c07ffff', '8930e1c2cafffff']","[(37.669508339185484, 127.07937315888198), (37.66886309456065, 127.08457709099525), (37.670599365967306, 127.08209384703737), (37.67342662059515, 127.08233140616888), (37.67233551609379, 127.079610585886), (37.66777214956454, 127.08185630925759), (37.67169038868196, 127.08481476090991)]",8,0,6,2,0,0,0,0,0,0,0,0,0,0,0,0,0,0,0,0,0,0,0,0,0,0,0,0,0,0,0,0,0,0,0,3,19,0,0,0,2,6,1,0,0,5,0,6,0.22715349414811475
126.9402856898,37.5446780052,8930e1d804fffff,"['8930e1d804bffff', '8930e1d807bffff', '8930e1d82b3ffff', '8930e1d8043ffff', '8930e1d8047ffff', '8930e1d82b7ffff', '8930e1d804fffff']","[(37.54438254153991, 126.93786176035034), (37.54656106193634, 126.94327428150658), (37.5426494451639, 126.94033746931137), (37.54720486041942, 126.93809208959111), (37.54829420034624, 126.94079836877106), (37.54373862563446, 126.94304371128025), (37.54547180336917, 126.9405679087151)]",0,0,0,0,0,0,0,0,0,0,0,0,0,0,0,0,0,0,0,0,0,0,0,0,0,0,0,0,0,0,0,0,0,0,0,2,21,0,1,0,2,6,0,0,0,5,1,15,0.22569768141932867
126.9641289162,37.5485463733,8930e1d83a7ffff,"['8930e1d83a3ffff', '8930e1d816bffff', '8930e1d83b7ffff', '8930e1d8ed3ffff', '8930e1d83afffff', '8930e1d83a7ffff', '8930e1d8edbffff']","[(37.54853985253877, 126.96176222399373), (37.55245195055482, 126.96470172757934), (37.551362796618456, 126.96199368978537), (37.55071800092296, 126.96717826217287), (37.54680594503716, 126.96423855481696), (37.54962892841659, 126.96447013081855), (37.54789493948596, 126.96694655519475)]",0,0,0,0,0,0,0,0,0,0,5,1,4,0,0,0,0,0,0,0,0,0,0,0,0,0,0,0,0,0,0,0,0,0,0,4,1,2,0,0,0,9,0,0,0,2,1,4,0.22567423014702265
126.9630539691,37.5502483194,8930e1d83a7ffff,"['8930e1d83a3ffff', '8930e1d816bffff', '8930e1d83b7ffff', '8930e1d8ed3ffff', '8930e1d83afffff', '8930e1d83a7ffff', '8930e1d8edbffff']","[(37.54853985253877, 126.96176222399373), (37.55245195055482, 126.96470172757934), (37.551362796618456, 126.96199368978537), (37.55071800092296, 126.96717826217287), (37.54680594503716, 126.96423855481696), (37.54962892841659, 126.96447013081855), (37.54789493948596, 126.96694655519475)]",0,0,0,0,0,0,0,0,0,0,5,1,4,0,0,0,0,0,0,0,0,0,0,0,0,0,0,0,0,0,0,0,0,0,0,4,1,2,0,0,0,9,0,0,0,2,1,4,0.22567423014702265
126.8987795643,37.4899396432,8930e1d964fffff,"['8930e1d9643ffff', '8930e0365b7ffff', '8930e1d964fffff', '8930e1d967bffff', '8930e0365b3ffff', '8930e1d9647ffff', '8930e1d964bffff']","[(37.492460155257646, 126.89703060162269), (37.488995097182546, 126.901976521636), (37.49072768644531, 126.89950356981274), (37.49181589469309, 126.90220497558177), (37.48790696716551, 126.89927524623724), (37.493548444739595, 126.89973191382742), (37.48963947519506, 126.89680238797087)]",0,0,0,0,0,0,0,0,0,0,0,0,0,0,0,0,0,0,0,0,0,0,0,0,0,0,0,0,0,0,0,0,0,0,0,1,4,2,0,0,1,11,0,0,0,3,0,2,0.22398069663729747
126.9123307693,37.4829636373,8930e1d9253ffff,"['8930e1d92cbffff', '8930e036527ffff', '8930e1d92cfffff', '8930e1d925bffff', '8930e1d9243ffff', '8930e1d9257ffff', '8930e1d9253ffff']","[(37.483796606717384, 126.90939527881439), (37.48097573066509, 126.90916651556721), (37.48488448995794, 126.91209705872687), (37.47924262045745, 126.91163929192055), (37.480330344202585, 126.91434103493332), (37.48315133764985, 126.91457003849979), (37.48206353567874, 126.91186816507987)]",0,0,0,0,0,2,1,1,0,0,0,0,0,0,0,0,0,0,0,0,0,0,0,0,0,0,0,0,0,0,0,0,0,0,0,1,8,21,0,0,2,7,0,0,0,5,1,4,0.22324832321807742
127.088031128,37.5596666256,8930e1c1e17ffff,"['8930e1c1ebbffff', '8930e1c1e03ffff', '8930e1c1eabffff', '8930e1c1e07ffff', '8930e1c1e17ffff', '8930e1c1e13ffff', '8930e1c1e8fffff']","[(37.56124192635022, 127.0886686878655), (37.5555897547185, 127.08819379952118), (37.559503552564266, 127.09114795773337), (37.556677408251616, 127.0909103924909), (37.558415821159535, 127.08843123303976), (37.55732808583436, 127.08571473331851), (37.56015411315242, 127.0859520564277)]",7,0,0,6,1,0,0,0,0,0,0,0,0,0,0,0,0,0,0,0,0,0,0,0,0,0,0,0,0,0,0,0,0,0,0,9,27,0,0,0,3,4,0,0,0,0,1,10,0.22271125887451132
127.0213949356,37.6324002472,8930e1c35b3ffff,"['8930e1c35b3ffff', '8930e1c35bbffff', '8930e1c35a3ffff', '8930e1c35b7ffff', '8930e1c264bffff', '8930e1c264fffff', '8930e1c3587ffff']","[(37.63246871855116, 127.02111785153896), (37.6296434051382, 127.02088332098666), (37.63073404711919, 127.0235984827603), (37.6335594383919, 127.0238331449441), (37.63420326890718, 127.0186372033903), (37.63529407035215, 127.02135240315073), (37.631377994966904, 127.01840278340265)]",0,0,0,0,0,0,0,0,0,0,9,0,6,3,0,4,0,1,3,0,13,0,9,4,0,0,0,0,0,0,0,0,0,0,0,0,0,23,0,0,0,10,0,0,0,4,0,0,0.2222874826250873
126.9060811622,37.5127847137,8930e1d9463ffff,"['8930e1d9477ffff', '8930e1d946bffff', '8930e1d9473ffff', '8930e1d9467ffff', '8930e1d947bffff', '8930e1d9463ffff', '8930e1d946fffff']","[(37.51547250893096, 126.9067360169177), (37.509830173008645, 126.90627854115054), (37.514383678049896, 126.90403334363704), (37.51374007113669, 126.90921003568111), (37.511562568822406, 126.90380472600144), (37.51265132151239, 126.90650726879248), (37.5109188444428, 126.90898117754216)]",0,0,0,0,0,4,1,2,1,0,0,0,0,0,0,6,0,2,3,1,0,0,0,0,0,0,0,0,0,0,0,0,0,0,0,2,0,1,1,1,0,12,0,0,0,1,0,8,0.22071923221747747
126.9017596782,37.4972011476,8930e1d960fffff,"['8930e1d960fffff', '8930e1d963bffff', '8930e1d9677ffff', '8930e1d9607ffff', '8930e1d9603ffff', '8930e1d9673ffff', '8930e1d960bffff']","[(37.49745760673159, 126.902661944831), (37.49854596840169, 126.90536383536052), (37.495725014666995, 126.90513521009379), (37.500278521233504, 126.9028904601399), (37.49919007831935, 126.90018866318542), (37.49463673121379, 126.9024334499792), (37.49636924203527, 126.89996027828407)]",0,0,0,0,0,0,0,0,0,0,3,0,2,1,0,0,0,0,0,0,0,0,0,0,0,0,0,0,0,0,3,0,1,2,0,3,10,1,0,0,3,8,0,0,0,5,1,6,0.2200097320149194
126.959244373,37.538720069,8930e1d830bffff,"['8930e1d830bffff', '8930e1d831bffff', '8930e1d8373ffff', '8930e1d8303ffff', '8930e1d830fffff', '8930e1d8347ffff', '8930e1d8357ffff']","[(37.53898240791244, 126.95836066154918), (37.540716231157255, 126.95588473820531), (37.537248463981925, 126.96083656826598), (37.541805157586644, 126.95859193419744), (37.54007125293076, 126.96106795108766), (37.53615969704481, 126.95812940962676), (37.53789355956521, 126.95565359644894)]",0,0,0,0,0,0,0,0,0,0,9,2,4,2,1,0,0,0,0,0,4,1,2,1,0,0,0,0,0,0,0,0,0,0,0,6,14,4,0,0,4,7,0,0,0,3,1,8,0.21813907485279316
127.0704722292,37.5769651327,8930e1c11b3ffff,"['8930e1c11bbffff', '8930e1c11a3ffff', '8930e1c1187ffff', '8930e1c11b7ffff', '8930e1c024fffff', '8930e1c024bffff', '8930e1c11b3ffff']","[(37.57340715680894, 127.07131331872797), (37.57449553849151, 127.07402952207386), (37.57514456312213, 127.06883391180867), (37.57732148610185, 127.07426635685442), (37.57905893495243, 127.07178674613814), (37.577970393654326, 127.0690705044456), (37.57623302654946, 127.07155002181072)]",0,0,0,0,0,0,0,0,0,0,0,0,0,0,0,0,0,0,0,0,4,0,1,3,0,7,2,1,4,0,0,0,0,0,0,3,12,0,0,0,3,5,0,0,0,3,3,0,0.2169664186753787
127.0867091513,37.5944053528,8930e1c03c7ffff,"['8930e1c0313ffff', '8930e1c038bffff', '8930e1c031bffff', '8930e1c03c3ffff', '8930e1c03cfffff', '8930e1c03d7ffff', '8930e1c03c7ffff']","[(37.59689598894049, 127.08903919595633), (37.59863365049828, 127.08655856595132), (37.59406945901274, 127.08880159575718), (37.59471832672307, 127.08360318184542), (37.592980707709444, 127.08608360795225), (37.59754473958314, 127.08384053965263), (37.59580715981638, 127.08632107629076)]",0,0,0,0,0,0,0,0,0,0,0,0,0,0,0,0,0,0,0,0,0,0,0,0,0,0,0,0,0,0,0,0,0,0,0,1,23,11,0,0,2,6,0,0,0,2,0,8,0.21463468268839048
127.0541301362,37.5679840598,8930e1c10a3ffff,"['8930e1c10a7ffff', '8930e1c10afffff', '8930e1c10abffff', '8930e1c10a3ffff', '8930e1c10b3ffff', '8930e1c10bbffff', '8930e1c10b7ffff']","[(37.56796519062162, 127.0577356770092), (37.56513974900847, 127.05749965329518), (37.564051422216636, 127.05478493140886), (37.5668767859233, 127.05502082355729), (37.56861370193705, 127.05254197678893), (37.565788377435986, 127.05230619503257), (37.56970218833183, 127.05525673687193)]",8,0,8,0,0,0,0,0,0,0,4,0,3,0,1,0,0,0,0,0,0,0,0,0,0,0,0,0,0,0,0,0,0,0,0,3,27,5,0,0,3,5,0,0,1,2,1,15,0.21299885373477895
126.9498053673,37.5030362888,8930e1d9ec7ffff,"['8930e1d9ec7ffff', '8930e1d9ec3ffff', '8930e1d9ecfffff', '8930e1d9e8bffff', '8930e1d9e1bffff', '8930e1d9ed7ffff', '8930e1d9e13ffff']","[(37.50293661716776, 126.9501762390287), (37.50184869965365, 126.94747119200849), (37.500114529278484, 126.94994549703864), (37.505758744028704, 126.9504070016863), (37.50120236541008, 126.95265063751746), (37.5046707483699, 126.94770182396381), (37.50402453144308, 126.95288151021715)]",0,0,0,0,0,0,0,0,0,0,0,0,0,0,0,0,0,0,0,0,0,0,0,0,0,0,0,0,0,0,0,0,0,0,0,3,4,0,0,0,1,7,1,0,0,5,1,2,0.21220323544676484
127.0156338953,37.6286514881,8930e1c358bffff,"['8930e1c35d7ffff', '8930e1c358fffff', '8930e1c3583ffff', '8930e1c3513ffff', '8930e1c35c7ffff', '8930e1c358bffff', '8930e1c359bffff']","[(37.62637145682038, 127.01273918709572), (37.6285527594191, 127.01816838446193), (37.63028726765264, 127.01568794051938), (37.62572756227687, 127.01793400656523), (37.624636990708034, 127.01521942685251), (37.62746210997533, 127.01545367317021), (37.629196536621755, 127.01297332287331)]",0,0,0,0,0,16,1,7,7,1,0,0,0,0,0,8,1,6,1,0,0,0,0,0,0,0,0,0,0,0,2,1,0,1,0,2,0,0,0,0,0,11,0,0,0,5,0,0,0.20733713347308785
127.016116509,37.6275310629,8930e1c358bffff,"['8930e1c35d7ffff', '8930e1c358fffff', '8930e1c3583ffff', '8930e1c3513ffff', '8930e1c35c7ffff', '8930e1c358bffff', '8930e1c359bffff']","[(37.62637145682038, 127.01273918709572), (37.6285527594191, 127.01816838446193), (37.63028726765264, 127.01568794051938), (37.62572756227687, 127.01793400656523), (37.624636990708034, 127.01521942685251), (37.62746210997533, 127.01545367317021), (37.629196536621755, 127.01297332287331)]",0,0,0,0,0,16,1,7,7,1,0,0,0,0,0,8,1,6,1,0,0,0,0,0,0,0,0,0,0,0,2,1,0,1,0,2,0,0,0,0,0,11,0,0,0,5,0,0,0.20733713347308785
127.0287115469,37.6347108832,8930e1c266fffff,"['8930e1c2663ffff', '8930e1c229bffff', '8930e1c22d7ffff', '8930e1c22d3ffff', '8930e1c266fffff', '8930e1c266bffff', '8930e1c2667ffff']","[(37.63747566198206, 127.02678347855398), (37.636831575318844, 127.03198037693114), (37.63400595049917, 127.03174531973288), (37.63291531981315, 127.02902948211758), (37.635740866789185, 127.02926440762437), (37.63465015447572, 127.02654866363397), (37.63856645214008, 127.02949935422846)]",0,0,0,0,0,0,0,0,0,0,0,0,0,0,0,0,0,0,0,0,0,0,0,0,0,3,1,2,0,0,0,0,0,0,0,2,19,0,0,1,3,7,0,0,0,3,0,12,0.20722190889083053
127.0487525647,37.6114302636,8930e1c312fffff,"['8930e1c312fffff', '8930e1c3127ffff', '8930e1c0697ffff', '8930e1c312bffff', '8930e1c3123ffff', '8930e1c045bffff', '8930e1c0693ffff']","[(37.610554927222786, 127.0481681153588), (37.6133806741964, 127.04840386196403), (37.60881888477095, 127.05064844924165), (37.60946517951774, 127.04545214953812), (37.612290848637045, 127.04568776445072), (37.61164467110107, 127.0508843063827), (37.607729218745995, 127.0479323899177)]",0,0,0,0,0,11,1,5,5,0,9,0,5,3,1,0,0,0,0,0,0,0,0,0,0,0,0,0,0,0,13,0,10,3,0,4,5,0,0,0,2,7,0,0,0,2,2,4,0.2067434931144388
127.0472497039,37.6099429061,8930e1c312fffff,"['8930e1c312fffff', '8930e1c3127ffff', '8930e1c0697ffff', '8930e1c312bffff', '8930e1c3123ffff', '8930e1c045bffff', '8930e1c0693ffff']","[(37.610554927222786, 127.0481681153588), (37.6133806741964, 127.04840386196403), (37.60881888477095, 127.05064844924165), (37.60946517951774, 127.04545214953812), (37.612290848637045, 127.04568776445072), (37.61164467110107, 127.0508843063827), (37.607729218745995, 127.0479323899177)]",0,0,0,0,0,11,1,5,5,0,9,0,5,3,1,0,0,0,0,0,0,0,0,0,0,0,0,0,0,0,13,0,10,3,0,4,5,0,0,0,2,7,0,0,0,2,2,4,0.2067434931144388
127.0474578853,37.6063621997,8930e1c0693ffff,"['8930e1c312fffff', '8930e1c0697ffff', '8930e1c312bffff', '8930e1c3167ffff', '8930e1c0683ffff', '8930e1c0693ffff', '8930e1c069bffff']","[(37.610554927222786, 127.0481681153588), (37.60881888477095, 127.05064844924165), (37.60946517951774, 127.04545214953812), (37.60663954889968, 127.04521655577705), (37.60599313694633, 127.05041261327443), (37.607729218745995, 127.0479323899177), (37.604903548779134, 127.0476966856379)]",13,0,10,3,0,9,0,5,3,1,0,0,0,0,0,3,0,3,0,0,0,0,0,0,0,0,0,0,0,0,0,0,0,0,0,6,10,0,0,0,2,5,0,0,0,3,2,9,0.20495436306013493
127.0419020631,37.5863802392,8930e1c3363ffff,"['8930e1c3363ffff', '8930e1c336fffff', '8930e1c3377ffff', '8930e1c337bffff', '8930e1c336bffff', '8930e1c3373ffff', '8930e1c3367ffff']","[(37.58577208522596, 127.04085330374757), (37.58403589157155, 127.04333256680219), (37.588597368073714, 127.04108861795568), (37.58468295298695, 127.03813884105374), (37.582946840988605, 127.04061801065568), (37.58750815793444, 127.03837402370996), (37.58686121370819, 127.04356799145333)]",11,0,11,0,0,0,0,0,0,0,0,0,0,0,0,0,0,0,0,0,10,0,9,1,0,12,1,8,2,1,0,0,0,0,0,2,8,0,1,0,2,8,0,0,0,2,2,4,0.20425661613046758
127.077680168,37.6073258706,8930e1c0007ffff,"['8930e1c000fffff', '8930e1c00abffff', '8930e1c0007ffff', '8930e1c0003ffff', '8930e1c0033ffff', '8930e1c003bffff', '8930e1c0017ffff']","[(37.60558308623698, 127.07663587428054), (37.61123586900756, 127.07711003310418), (37.60840945836534, 127.076872943048), (37.60732014253539, 127.07415515849581), (37.609498770247484, 127.07959095287723), (37.60667232030317, 127.07935375225318), (37.61014647536062, 127.07439211670274)]",0,0,0,0,0,0,0,0,0,0,0,0,0,0,0,0,0,0,0,0,0,0,0,0,0,0,0,0,0,0,0,0,0,0,0,4,21,2,0,0,3,6,0,0,0,2,0,15,0.19984610813769899
127.1330169264,37.5414860087,8930e1cf5d7ffff,"['8930e1cf5d7ffff', '8930e1cf59bffff', '8930e1cf5c7ffff', '8930e1cf5c3ffff', '8930e1cf58bffff', '8930e1c1b6fffff', '8930e1cf5d3ffff']","[(37.541240319703114, 127.13425089338223), (37.54406732193786, 127.13449044279325), (37.539499925604304, 127.1367302943429), (37.538413356309285, 127.13401136546825), (37.54232696682956, 127.13696995417548), (37.54298059288658, 127.13177147508465), (37.540153668484265, 127.13153205758499)]",0,0,0,0,0,0,0,0,0,0,0,0,0,0,0,4,0,1,2,1,12,0,10,2,0,5,0,1,4,0,0,0,0,0,0,0,0,24,0,0,0,9,0,0,0,7,0,0,0.19936350185827562
126.9839705474,37.5684815564,8930e1d8c3bffff,"['8930e1d8c23ffff', '8930e1d8c07ffff', '8930e1d8c77ffff', '8930e1d8c0fffff', '8930e1d8c2bffff', '8930e1d8c33ffff', '8930e1d8c3bffff']","[(37.56963623082069, 126.98707217591237), (37.57028115137181, 126.98188441080634), (37.56572318574421, 126.98412937116112), (37.567457506193584, 126.98165194444782), (37.56681246831171, 126.9868394680874), (37.57137059343235, 126.98459454533723), (37.56854687025024, 126.98436194782016)]",0,0,0,0,0,0,0,0,0,0,0,0,0,0,0,0,0,0,0,0,0,0,0,0,0,0,0,0,0,0,0,0,0,0,0,2,9,47,1,1,2,5,0,0,1,0,2,11,0.19729035287737984
126.9363039557,37.5024278416,8930e1d93b3ffff,"['8930e1d93b3ffff', '8930e1d93a3ffff', '8930e1d914bffff', '8930e1d914fffff', '8930e1d93bbffff', '8930e1d93b7ffff', '8930e1d9387ffff']","[(37.50314050862468, 126.9371134845913), (37.50140674206191, 126.93958763576688), (37.504874154647844, 126.93463931689188), (37.505962322656856, 126.93734363515458), (37.50031873355967, 126.9368833546387), (37.50422859528836, 126.93981789635487), (37.50205241877806, 126.93440929695663)]",0,0,0,0,0,7,0,3,3,1,0,0,0,0,0,10,1,2,7,0,0,0,0,0,0,11,0,6,4,1,0,0,0,0,0,6,13,3,0,0,2,8,0,0,0,3,0,4,0.19679050545795446
127.1544572094,37.4954274071,8930e1cd487ffff,"['8930e1cd483ffff', '8930e1cd4b3ffff', '8930e1cd487ffff', '8930e1cf34bffff', '8930e1cd497ffff', '8930e1cd4bbffff', '8930e1cd48fffff']","[(37.493389053654724, 127.15120210430759), (37.49555916416139, 127.15663877337545), (37.49447411096069, 127.15392032647219), (37.4973010349255, 127.15416063231652), (37.496215899748016, 127.15144227831382), (37.492732201389636, 127.15639835723874), (37.49164722605943, 127.15368004218082)]",0,0,0,0,0,0,0,0,0,0,0,0,0,0,0,11,0,7,4,0,5,0,2,1,2,0,0,0,0,0,0,0,0,0,0,0,10,0,0,0,2,8,0,0,0,3,1,2,0.19669622654942248
126.951485343,37.5007824293,8930e1d9e1bffff,"['8930e1d9ec7ffff', '8930e1d9e0bffff', '8930e1d9ecfffff', '8930e1d9e57ffff', '8930e1d9e1bffff', '8930e1d9e13ffff', '8930e1d9e03ffff']","[(37.50293661716776, 126.9501762390287), (37.49946799309946, 126.95512501942105), (37.500114529278484, 126.94994549703864), (37.49838023835744, 126.95241978549504), (37.50120236541008, 126.95265063751746), (37.50402453144308, 126.95288151021715), (37.50229019829486, 126.95535600216051)]",0,0,0,0,0,0,0,0,0,0,0,0,0,0,0,20,0,9,9,2,0,0,0,0,0,0,0,0,0,0,0,0,0,0,0,2,9,0,0,0,1,6,0,0,0,3,2,0,0.19621568782945065
126.9751332072,37.4823134091,8930e1d9a7bffff,"['8930e1d9a6bffff', '8930e1d9a7bffff', '8930e1d9a63ffff', '8930e0369b7ffff', '8930e1d9a73ffff', '8930e1d9a4fffff', '8930e1d9a47ffff']","[(37.48103069970001, 126.97716175650788), (37.48276619593565, 126.97468763428756), (37.48385321785428, 126.9773937087252), (37.47994375591977, 126.97445581284097), (37.48558867502327, 126.97491947649597), (37.48167917070335, 126.97198178395789), (37.484501571651634, 126.9722134954029)]",8,0,6,2,0,0,0,0,0,0,0,0,0,0,0,0,0,0,0,0,0,0,0,0,0,0,0,0,0,0,0,0,0,0,0,3,16,20,0,1,2,4,0,0,0,6,1,5,0.19586507492371136
126.9352195295,37.494232055,8930e1d9303ffff,"['8930e1d931bffff', '8930e1d9317ffff', '8930e1d9313ffff', '8930e1d9303ffff', '8930e1d9307ffff', '8930e1d930bffff', '8930e1d930fffff']","[(37.49358744504982, 126.93371936072934), (37.4974969974749, 126.93665324529411), (37.49640906396605, 126.93394931887809), (37.49467530038329, 126.93642315655471), (37.49576315254966, 126.93912717644949), (37.49185364229795, 126.9361930884178), (37.492941416289945, 126.93889697771455)]",0,0,0,0,0,0,0,0,0,0,0,0,0,0,0,0,0,0,0,0,0,0,0,0,0,0,0,0,0,0,0,0,0,0,0,8,0,0,0,1,0,8,0,0,0,5,1,0,0.19457029791420294
126.8837837398,37.4970034924,8930e0acba3ffff,"['8930e0acba3ffff', '8930e0acbabffff', '8930e0acba7ffff', '8930e0acbb7ffff', '8930e0acbb3ffff', '8930e0acbafffff', '8930e0acbbbffff']","[(37.49830020864033, 126.88443785148816), (37.49547976378383, 126.88421020786777), (37.49938882595072, 126.88713856537522), (37.50112069247202, 126.88466551548684), (37.500031993970765, 126.88196489522483), (37.49656830285356, 126.88691079144132), (37.4972115883807, 126.88173736153229)]",4,1,2,1,0,8,0,5,3,0,0,0,0,0,0,0,0,0,0,0,0,0,0,0,0,0,0,0,0,0,0,0,0,0,0,1,29,0,0,0,4,6,1,0,1,2,0,8,0.19351339598661937
127.1286236532,37.547456827,8930e1c1b77ffff,"['8930e1c1b73ffff', '8930e1c1b0fffff', '8930e1c1b2bffff', '8930e1c1b63ffff', '8930e1c1b3bffff', '8930e1c1b67ffff', '8930e1c1b77ffff']","[(37.546460776496616, 127.12681258651509), (37.54928766170138, 127.12705180464658), (37.548634558174626, 127.13225037454873), (37.54472074515198, 127.12929203945923), (37.550374632411334, 127.12977071806056), (37.545807556121055, 127.1320109140716), (37.54754766937646, 127.1295313680197)]",0,0,0,0,0,0,0,0,0,0,0,0,0,0,0,0,0,0,0,0,14,0,8,6,0,0,0,0,0,0,0,0,0,0,0,1,0,2,0,1,0,5,0,0,0,6,3,0,0.19346674203337405
127.130825694,37.5475145712,8930e1c1b77ffff,"['8930e1c1b73ffff', '8930e1c1b0fffff', '8930e1c1b2bffff', '8930e1c1b63ffff', '8930e1c1b3bffff', '8930e1c1b67ffff', '8930e1c1b77ffff']","[(37.546460776496616, 127.12681258651509), (37.54928766170138, 127.12705180464658), (37.548634558174626, 127.13225037454873), (37.54472074515198, 127.12929203945923), (37.550374632411334, 127.12977071806056), (37.545807556121055, 127.1320109140716), (37.54754766937646, 127.1295313680197)]",0,0,0,0,0,0,0,0,0,0,0,0,0,0,0,0,0,0,0,0,14,0,8,6,0,0,0,0,0,0,0,0,0,0,0,1,0,2,0,1,0,5,0,0,0,6,3,0,0.19346674203337405
127.149337884,37.4917711922,8930e1cd49bffff,"['8930e1cd483ffff', '8930e1cf267ffff', '8930e1cd48bffff', '8930e1cd4d7ffff', '8930e1cd49bffff', '8930e1cf26fffff', '8930e1cd493ffff']","[(37.493389053654724, 127.15120210430759), (37.49404561711483, 127.14600624452156), (37.49056224662937, 127.15096195184164), (37.48947726311291, 127.14824408620555), (37.49230399225697, 127.14848410686596), (37.49121892678082, 127.14576633413172), (37.49513076047331, 127.14872414905406)]",0,0,0,0,0,5,0,4,0,1,0,0,0,0,0,0,0,0,0,0,0,0,0,0,0,0,0,0,0,0,0,0,0,0,0,2,10,0,0,0,3,8,0,0,0,1,1,4,0.18918749834402288
126.9012953173,37.5150891872,8930e1d940bffff,"['8930e1d940fffff', '8930e1d941bffff', '8930e1d9473ffff', '8930e1d940bffff', '8930e1d9447ffff', '8930e1d9403ffff', '8930e1d9457ffff']","[(37.51720482618349, 126.90426198174616), (37.51784802951818, 126.89908544414513), (37.514383678049896, 126.90403334363704), (37.5161159140527, 126.90155940208489), (37.51329484411111, 126.90133089445801), (37.51893702289164, 126.90178793017567), (37.5150269988722, 126.89885704652923)]",0,0,0,0,0,0,0,0,0,0,0,0,0,0,0,0,0,0,0,0,2,1,1,0,0,0,0,0,0,0,0,0,0,0,0,0,23,62,0,0,4,4,0,1,0,1,0,2,0.18912532235352392
127.0689913899,37.5777697108,8930e1c024bffff,"['8930e1c1187ffff', '8930e1c1197ffff', '8930e1c025bffff', '8930e1c024fffff', '8930e1c0243ffff', '8930e1c024bffff', '8930e1c11b3ffff']","[(37.57514456312213, 127.06883391180867), (37.576881848489315, 127.06635448779893), (37.579707639803445, 127.06659096998766), (37.57905893495243, 127.07178674613814), (37.58079626284027, 127.06930711831747), (37.577970393654326, 127.0690705044456), (37.57623302654946, 127.07155002181072)]",7,2,1,4,0,0,0,0,0,0,0,0,0,0,0,4,0,1,3,0,0,0,0,0,0,0,0,0,0,0,0,0,0,0,0,1,20,1,0,0,4,4,0,0,0,4,2,7,0.1890765285192399
126.9055636992,37.5011695452,8930e1d9633ffff,"['8930e1d963bffff', '8930e1d9623ffff', '8930e1d9637ffff', '8930e1d9607ffff', '8930e1d96abffff', '8930e1d9633ffff', '8930e1d96afffff']","[(37.49854596840169, 126.90536383536052), (37.499634327032304, 126.90806594988858), (37.502455397954144, 126.90829472607213), (37.500278521233504, 126.9028904601399), (37.50309947470656, 126.90311899590864), (37.501366961116204, 126.90559248109685), (37.50418799279752, 126.90582114730546)]",0,0,0,0,0,0,0,0,0,0,0,0,0,0,0,0,0,0,0,0,0,0,0,0,0,0,0,0,0,0,0,0,0,0,0,3,13,0,0,0,2,6,0,0,0,5,1,7,0.18807667047327697
126.8397567547,37.5302294023,8930e0aea27ffff,"['8930e0aea23ffff', '8930e0aea27ffff', '8930e0aea2fffff', '8930e0aea37ffff', '8930e0aeb53ffff', '8930e0aeb5bffff', '8930e0aebcbffff']","[(37.52836383181694, 126.83722334916321), (37.529453912285646, 126.83992215206074), (37.52663417569858, 126.83969648749274), (37.531183528964235, 126.83744890376212), (37.53054398994926, 126.84262117896034), (37.52772417510472, 126.84239538421215), (37.532273687691344, 126.84014783683243)]",0,0,0,0,0,0,0,0,0,0,0,0,0,0,0,0,0,0,0,0,0,0,0,0,0,0,0,0,0,0,0,0,0,0,0,4,7,46,0,0,1,3,0,0,0,6,1,8,0.18741714679536348
127.1488862466,37.4988295447,8930e1cf22fffff,"['8930e1cf35bffff', '8930e1cf227ffff', '8930e1cf223ffff', '8930e1cd497ffff', '8930e1cf22fffff', '8930e1cd493ffff', '8930e1cf22bffff']","[(37.49904278489613, 127.15168247386327), (37.500784414070566, 127.1492042980248), (37.499699114960585, 127.1464861298579), (37.496215899748016, 127.15144227831382), (37.49795756774887, 127.1489642127727), (37.49513076047331, 127.14872414905406), (37.496872346512454, 127.14624617642927)]",0,0,0,0,0,0,0,0,0,0,3,0,2,1,0,5,0,2,1,2,0,0,0,0,0,0,0,0,0,0,8,0,5,3,0,2,4,0,0,0,1,6,0,0,0,8,2,2,0.18654655705794426
127.0516014434,37.580346624,8930e1c1513ffff,"['8930e1c151bffff', '8930e1c158bffff', '8930e1c158fffff', '8930e1c1517ffff', '8930e1c1513ffff', '8930e1c1503ffff', '8930e1c15c7ffff']","[(37.578826584958875, 127.05077025397685), (37.583388542120716, 127.04852668745599), (37.58447750348128, 127.0512417870667), (37.58274090457829, 127.0537212029748), (37.58165202490403, 127.05100600994274), (37.579915386742194, 127.05348531540764), (37.580563141435384, 127.04829104192594)]",0,0,0,0,0,0,0,0,0,0,0,0,0,0,0,0,0,0,0,0,0,0,0,0,0,0,0,0,0,0,0,0,0,0,0,4,18,3,1,0,2,8,0,0,0,3,0,7,0.18635991751144387
126.8481501808,37.549775956,8930e0ae947ffff,"['8930e0ae97bffff', '8930e0ae973ffff', '8930e0ae943ffff', '8930e0ae94fffff', '8930e0ae957ffff', '8930e0ae90bffff', '8930e0ae947ffff']","[(37.54791503566628, 126.85185083472572), (37.55073531786547, 126.85207714169461), (37.548554237930794, 126.84667640446212), (37.54682457535301, 126.84915048433929), (37.55137440242488, 126.84690247106715), (37.5524650220472, 126.8496028579058), (37.54964477933621, 126.84937666099391)]",0,0,0,0,0,0,0,0,0,0,2,1,0,1,0,0,0,0,0,0,0,0,0,0,0,2,1,1,0,0,0,0,0,0,0,4,12,34,0,0,4,5,0,0,1,4,2,3,0.18619564481525464
126.9039987569,37.5210483212,8930e1d9407ffff,"['8930e1d9417ffff', '8930e1d940fffff', '8930e1d9433ffff', '8930e1d943bffff', '8930e1d9403ffff', '8930e1d94abffff', '8930e1d9407ffff']","[(37.52175817061496, 126.90201647873302), (37.51720482618349, 126.90426198174616), (37.52111500046041, 126.90719357462889), (37.51829373525129, 126.90696478552888), (37.51893702289164, 126.90178793017567), (37.522847239116864, 126.90471931939614), (37.52002601321012, 126.90449064033164)]",18,2,12,4,0,0,0,0,0,0,0,0,0,0,0,14,0,6,7,1,0,0,0,0,0,0,0,0,0,0,0,0,0,0,0,3,26,69,1,0,2,3,0,0,1,1,0,11,0.18594072772466785
127.0338504678,37.6108061037,8930e1c311bffff,"['8930e1c31cfffff', '8930e1c3157ffff', '8930e1c3113ffff', '8930e1c310bffff', '8930e1c31c7ffff', '8930e1c311bffff', '8930e1c3103ffff']","[(37.60966698210586, 127.03234563251875), (37.60793150834721, 127.03482562631297), (37.61358233914751, 127.03529586631129), (37.60902134910063, 127.0375408230917), (37.61249233887985, 127.03258063145334), (37.610756904501045, 127.03506073575875), (37.61184682312594, 127.03777606416283)]",20,0,13,6,1,0,0,0,0,0,0,0,0,0,0,0,0,0,0,0,0,0,0,0,0,0,0,0,0,0,3,1,1,1,0,8,27,0,0,0,4,5,0,0,0,4,0,9,0.18574051484840481
127.0318284716,37.6204552019,8930e1c3193ffff,"['8930e1c3197ffff', '8930e1c352fffff', '8930e1c3183ffff', '8930e1c3193ffff', '8930e1c352bffff', '8930e1c319bffff', '8930e1c3567ffff']","[(37.620968640053114, 127.03328575485043), (37.62270383518702, 127.03080530198228), (37.61814316786658, 127.03305069261634), (37.61987840241608, 127.03057035029107), (37.62161351591942, 127.02808999100678), (37.61705300809421, 127.03033541969278), (37.61878816101409, 127.02785517094402)]",0,0,0,0,0,0,0,0,0,0,0,0,0,0,0,0,0,0,0,0,5,0,3,2,0,7,0,5,2,0,8,0,5,3,0,0,0,0,0,0,0,9,1,0,0,4,0,0,0.1840591975428899
126.9220963576,37.4761781439,8930e0361a7ffff,"['8930e036cdbffff', '8930e1d926bffff', '8930e0361a7ffff', '8930e0361afffff', '8930e036cd3ffff', '8930e0361b7ffff', '8930e0361a3ffff']","[(37.47339637397541, 126.92423235004534), (37.477951158068784, 126.92198887924177), (37.475130047175405, 126.92175954593068), (37.47230897537478, 126.92153023314599), (37.476217523998216, 126.92446179326667), (37.47686359994832, 126.91928672536775), (37.47404256727805, 126.91905752248593)]",0,0,0,0,0,0,0,0,0,0,0,0,0,0,0,0,0,0,0,0,0,0,0,0,0,0,0,0,0,0,34,1,23,9,1,6,0,0,0,0,0,10,0,0,0,4,0,0,0.18403655894310733
126.9196473846,37.5133168499,8930e1d90bbffff,"['8930e1d90b3ffff', '8930e1d9017ffff', '8930e1d90abffff', '8930e1d908fffff', '8930e1d90bbffff', '8930e1d90a3ffff', '8930e1d9087ffff']","[(37.51527349930935, 126.91979396420345), (37.50963053723754, 126.91933526517825), (37.51071903682974, 126.9220387610414), (37.51136341792763, 126.91686120212353), (37.5124519988138, 126.91956460442083), (37.51354057657845, 126.92226823085527), (37.514184840249754, 126.91709043134223)]",0,0,0,0,0,0,0,0,0,0,0,0,0,0,0,9,0,6,2,1,0,0,0,0,0,0,0,0,0,0,3,0,3,0,0,1,2,5,0,0,0,8,0,0,0,3,1,1,0.18373407392119884
126.9360743585,37.4717734557,8930e036c0bffff,"['8930e036c73ffff', '8930e036c47ffff', '8930e036c0bffff', '8930e036c1bffff', '8930e036c03ffff', '8930e036c0fffff', '8930e036c57ffff']","[(37.470368931843005, 126.93705612964058), (37.469281783401065, 126.93435328467939), (37.472103128968115, 126.93458318809606), (37.473837205659976, 126.93211023005335), (37.474924513645504, 126.9348131120931), (37.47319035561887, 126.9372861635556), (37.47101589919236, 126.93188043654733)]",0,0,0,0,0,0,0,0,0,0,0,0,0,0,0,0,0,0,0,0,0,0,0,0,0,0,0,0,0,0,0,0,0,0,0,2,29,0,0,0,5,5,0,0,0,3,0,15,0.1818686439470535
127.0340719494,37.6633367024,8930e1c242fffff,"['8930e1c2423ffff', '8930e1c242bffff', '8930e1c2093ffff', '8930e1c242fffff', '8930e1c2427ffff', '8930e1c2097ffff', '8930e1c255bffff']","[(37.66399844500327, 127.03161482351207), (37.66117251486866, 127.03137968690459), (37.6594379541104, 127.03386159471265), (37.662263923792, 127.03409684200233), (37.665089931726015, 127.03433211042744), (37.66052928138942, 127.03657884349754), (37.66335532886946, 127.03681422261226)]",0,0,0,0,0,3,0,3,0,0,0,0,0,0,0,0,0,0,0,0,6,0,3,2,1,0,0,0,0,0,0,0,0,0,0,4,28,0,0,1,3,2,0,0,0,7,1,12,0.1814079208390187
127.0855755413,37.6421581465,8930e1c2e67ffff,"['8930e1c2e77ffff', '8930e1c2a9bffff', '8930e1c2e67ffff', '8930e1c2e6fffff', '8930e1c2e63ffff', '8930e1c2a93ffff', '8930e1c2e2bffff']","[(37.64341916956659, 127.08243902268674), (37.63994555308568, 127.08740346583583), (37.64168242191997, 127.08492125285626), (37.63885547133102, 127.08468368574471), (37.64059225837445, 127.08220156625802), (37.642772581431146, 127.087641164983), (37.64450941086962, 127.08515884131327)]",0,0,0,0,0,0,0,0,0,0,0,0,0,0,0,0,0,0,0,0,0,0,0,0,0,0,0,0,0,0,0,0,0,0,0,0,0,0,0,0,0,11,0,0,0,0,0,0,0.1810936406175453
127.0179390032,37.6263349524,8930e1c3513ffff,"['8930e1c358fffff', '8930e1c3513ffff', '8930e1c35c7ffff', '8930e1c3517ffff', '8930e1c358bffff', '8930e1c3503ffff', '8930e1c351bffff']","[(37.6285527594191, 127.01816838446193), (37.62572756227687, 127.01793400656523), (37.624636990708034, 127.01521942685251), (37.62681813012642, 127.02064881149103), (37.62746210997533, 127.01545367317021), (37.62399289352889, 127.02041432304928), (37.62290240355329, 127.01769964970981)]",8,1,6,1,0,0,0,0,0,0,0,0,0,0,0,0,0,0,0,0,0,0,0,0,0,0,0,0,0,0,0,0,0,0,0,10,23,0,0,0,3,5,0,0,0,4,0,9,0.18074026779831892
